Name,City,Rating,Review Count,Price,Tax,Distance From Nearby Routes,Free Cancelation,Couple Friendly,Total Amount
Lemon Tree Premier HITEC City Hyderabad,Hitec City,4.2,7424.0,4729,2058,Not provided,True,False,6787
Viola Suites,Madhapur,4.2,141.0,1971,565,Not provided,True,False,2536
Radisson Hyderabad Hitec City,Gachibowli,3.7,9783.0,20900,3762,Not provided,True,False,24662
"Red Fox by Lemon Tree Hotels, Hyderabad",Hitec City,4.0,5777.0,4222,1838,Not provided,False,False,6060
"Vivanta Hyderabad, Begumpet",Begumpet,4.4,3479.0,9500,1710,Not provided,True,False,11210
The Park Hyderabad,Somajiguda,3.8,12474.0,11425,3486,6 minutes walk to Hussain Sagar Lake,True,False,14911
Eastin Hotels,Madhapur,3.6,119.0,3110,1033,Not provided,False,False,4143
Hotel Kyzen Hitech City,Madhapur,4.5,371.0,3662,987,Not provided,False,False,4649
Cloud 5 Studios,Hitec City,4.5,141.0,3060,748,Not provided,True,False,3808
"Taj Krishna, Hyderabad",Banjara Hills,4.5,2252.0,15500,2790,Not provided,True,False,18290
Veeraj Suites,Rai Durg,3.9,759.0,2334,657,Not provided,True,False,2991
La Hometel Hotel - HITECH City Hyderabad,Hitec City,3.9,1026.0,1711,475,Not provided,True,False,2186
Ellaa Hotel Gachibowli,Gachibowli,3.7,5124.0,8213,3256,Not provided,True,False,11469
Hotel Fortune Airport Zone,Shamshabad,3.9,578.0,1814,526,8.5 km drive to Rajiv Gandhi International Airport,True,False,2340
Sunrise A Boutique Hotel,Kondapur,3.9,19.0,3300,732,Not provided,True,False,4032
Radisson Blu Plaza Hotel,Banjara Hills,4.1,5190.0,13500,3227,Not provided,True,False,16727
Mercure Hyderabad KCP - An AccorHotels brand,Punjagutta,4.2,905.0,15000,2700,2.3 km drive to Hussain Sagar Lake,True,False,17700
Oak Business Hotel,Kondapur,4.7,302.0,1906,428,Not provided,True,False,2334
SWANOTEL GACHIBOWLI,Rai Durg,3.9,145.0,3095,803,Not provided,True,False,3898
"Taj Deccan, Hyderabad (Recently Renovated)",Banjara Hills,4.4,3291.0,22490,4048,2.7 km drive to Hussain Sagar Lake,True,False,26538
"Lemon Tree Hotel, Banjara Hills, Hyderabad",Banjara Hills,4.1,4011.0,4155,1808,Not provided,True,False,5963
"Hotel Akoya, Shamshabad Airport",Shamshabad,4.3,19.0,3943,875,8.5 km drive to Rajiv Gandhi International Airport,True,False,4818
Lemon Tree Hotel Gachibowli,Gachibowli,4.1,7252.0,9976,5330,"2 minutes walk to US Consulate, Hyderabad",True,False,15306
Hyderabad Marriott Hotel and Convention Centre,Lower Tank Bund,4.4,1764.0,15199,2736,7 minutes walk to Hussain Sagar Lake,True,False,17935
SMART STAY VEGA KONDAPUR,Kondapur,4.1,389.0,1857,544,Not provided,True,False,2401
Holiday Inn Express Hyderabad Banjara Hills,Banjara Hills,3.3,3183.0,5599,672,2.4 km drive to Hussain Sagar Lake,True,False,6271
Fairfield by Marriott Hyderabad Gachibowli,Gachibowli,4.0,6022.0,16951,4569,"2.2 km drive to US Consulate, Hyderabad",True,False,21520
Hotel Akoya - HITECH City Hyderabad,Hitec City,4.1,1231.0,2377,689,Not provided,True,False,3066
Hotel Abi Residency,Hitec City,3.3,69.0,2179,613,Not provided,True,False,2792
Hotel V Hitech City,Hitec City,4.0,889.0,1843,483,Not provided,True,False,2326
The Golkonda Hotel Banjara Hills,Masab Tank,4.1,4629.0,8749,1575,2.9 km drive to Hussain Sagar Lake,True,False,10324
The Livin Jubilee,Jubilee Hills,4.3,87.0,4361,951,3 minutes walk to State Gallery of Art,True,False,5312
ibis Hyderabad HITEC City - An Accor Brand,Hitec City,3.8,1381.0,10500,1890,Not provided,True,False,12390
M SQUARE HOTEL,Hitec City,3.8,632.0,2124,490,Not provided,True,False,2614
MARIGOLD AT NEST,Gachibowli,3.8,725.0,1525,449,Not provided,True,False,1974
The Central Court,Lakdikapul,3.6,4871.0,2458,663,1.8 km drive to Hussain Sagar Lake,True,False,3121
Hotel Saptagiri Hyderabad,Shivaji Nagar,3.8,3279.0,2551,668,2.7 km drive to Hussain Sagar Lake,True,False,3219
Greenpark,Ameerpet,4.2,2233.0,7143,2397,Not provided,True,False,9540
Holiday Inn Express Hyderabad HITEC City,Hitec City,3.3,2432.0,12499,2250,Not provided,True,False,14749
Hotel Landridge Hitech City,Jubilee Hills,4.1,295.0,2796,743,Not provided,True,False,3539
Avasa Hotel,Hitec City,4.2,2259.0,14382,3919,Not provided,False,False,18301
Treebo Premium D Consulate,Gachibowli,4.0,332.0,3128,721,"4 minutes walk to US Consulate, Hyderabad",True,False,3849
Aditya Park Hyderabad - A Sarovar Hotel,Ameerpet,3.9,2841.0,6120,734,Not provided,True,False,6854
Hotel Imperial Classic,Himayat Nagar,3.9,2798.0,1033,313,Not provided,True,False,1346
Hotel At Home Suites,Gachibowli,3.9,1091.0,3231,961,Not provided,True,False,4192
Monday Hotels Hitec City,Kondapur,3.5,376.0,2461,838,Not provided,True,False,3299
Marigold By Green Park,Ameerpet,4.4,2839.0,8598,2375,Not provided,True,False,10973
Lemonridge Hotels Kukatpally,Kukatpally,3.9,681.0,2131,528,Not provided,True,False,2659
The Conclave,Gachibowli,3.3,1610.0,1402,550,"1.3 km drive to US Consulate, Hyderabad",False,False,1952
Hotel Radhe Pride Hitech City,Madhapur,4.3,15.0,2443,549,Not provided,True,False,2992
Destino by Monday Hotels Gachibowli,Gachibowli,3.5,113.0,2367,666,Not provided,True,False,3033
Courtyard by Marriott Hyderabad,Lower Tank Bund,4.5,1405.0,12349,2223,7 minutes walk to Hussain Sagar Lake,True,False,14572
Ohris Banjara,Banjara Hills,3.4,1092.0,3365,869,Not provided,True,False,4234
Hotel Deccan Serai Grande,Gachibowli,4.4,969.0,13269,4048,Not provided,True,False,17317
AQUA STAY INN,Shivaji Nagar,3.7,704.0,1534,438,2.3 km drive to Hussain Sagar Lake,True,False,1972
Minerva Grand -S.D Road,Secunderabad,3.8,3447.0,4321,1056,2.3 km drive to Hussain Sagar Lake,True,False,5377
GIS SELECT BANJARA HILLS,Banjara Hills,3.4,1001.0,2898,838,Not provided,True,False,3736
AVANA - A Boutique Hotel,Gachibowli,4.0,263.0,3605,881,"2 minutes walk to US Consulate, Hyderabad",True,False,4486
SHREE VENKATESHWARA HOTEL,Lakdikapul,3.6,566.0,2418,680,1.9 km drive to Hussain Sagar Lake,True,False,3098
The Purple Leaf Hotel,Karkhana,3.8,1260.0,3150,770,9.2 km from city centre,True,False,3920
Hotel B Plus L,Hitec City,4.0,1095.0,7812,2100,Not provided,True,False,9912
Hotel Inner Circle,Somajiguda,4.0,579.0,3610,965,2.8 km drive to Hussain Sagar Lake,True,False,4575
Novotel Hyderabad Convention Centre,Hitec City,4.1,2268.0,22325,4019,Not provided,False,False,26344
Hyatt Place Hyderabad Banjara Hills,Banjara Hills,4.1,1945.0,19499,3510,Not provided,True,False,23009
La Sky Boutique Hotel,Shamshabad,3.9,113.0,1066,296,8.5 km drive to Rajiv Gandhi International Airport,True,False,1362
Hotel Rukmini Riviera,Lakdikapul,3.7,418.0,2568,723,1.3 km drive to Hussain Sagar Lake,False,False,3291
32 Urban by Akoya Hotels,Gachibowli,4.3,303.0,3910,1085,Not provided,True,False,4995
Prowell Crown,Hitec City,3.9,443.0,2458,818,Not provided,True,False,3276
The Elite Hotel,Hafeezpet,4.1,308.0,2332,656,Not provided,True,False,2988
ITC Kohenur - A Luxury Collection Hotel,Hitech City,4.3,2882.0,63000,11340,Not provided,True,False,74340
Ellaa Residences,Jubilee Hills,4.5,128.0,5558,2489,Not provided,True,False,8047
The Art Boutique Hotel,Gachibowli,3.9,1364.0,4731,1495,"1.1 km drive to US Consulate, Hyderabad",True,False,6226
TreeInn Hytechs,Hitec City,3.5,319.0,1522,422,Not provided,False,False,1944
The Landmark Banjara Hills,Banjara Hills,3.8,1006.0,2304,621,Not provided,True,False,2925
Hotel Jubilee Ridge,Jubilee Hills,4.2,1001.0,4046,1139,Not provided,True,False,5185
Hotel Yellow Bells Signature HITEC City,Kondapur,3.8,78.0,1032,287,Not provided,True,False,1319
Park Continental,Masab Tank,3.1,1732.0,4680,1144,Not provided,True,False,5824
Ebony Boutique Hotel,Jubilee Hills,3.5,593.0,3581,938,Not provided,True,False,4519
Stae Hotel,Madhapur,4.5,46.0,1883,434,Not provided,True,False,2317
Katriya Hotel and Towers,Somajiguda,2.7,4143.0,4054,1113,1.4 km drive to Hussain Sagar Lake,True,False,5167
Oh Biz Executive-Leonia Holistic Destination,Shamirpet,3.6,619.0,4238,998,29.7 km from city centre,True,False,5236
The Manohar,Begumpet,2.6,672.0,2969,726,3.0 km drive to Hussain Sagar Lake,True,False,3695
Hotel Tourist Plaza,Kachiguda,3.5,366.0,2019,529,Not provided,True,False,2548
The Platinum Boutique Inn,Himayat Nagar,4.0,692.0,2195,575,5 minutes walk to Hussain Sagar Lake,True,False,2770
VOILA AT NEST,Kokapet,4.3,109.0,1661,461,Not provided,True,False,2122
Hotel Incredible One,Secunderabad,4.0,785.0,3276,756,2.0 km drive to Hussain Sagar Lake,True,False,4032
"Park Hyatt Hotel and Residences, Hyderabad",Sri Nagar Colony,4.3,985.0,41000,8200,Not provided,True,False,49200
Western Suites Hi-Tech City,Madhapur,3.9,57.0,3632,905,Not provided,True,False,4537
Hotel Hyderabad Grand,Shamshabad,3.8,1900.0,4000,817,7.6 km drive to Rajiv Gandhi International Airport,True,False,4817
Hotel Atlas Stays Gachibowli,Gachibowli,4.1,178.0,1369,453,Not provided,True,False,1822
Royalton Hyderabad Abids,Abids,3.9,2816.0,4837,988,2.4 km drive to Hussain Sagar Lake,True,False,5825
Hotel Yellow Bells Gachibowli,Gachibowli,3.7,76.0,1445,401,Not provided,True,False,1846
Hotel Ceasta,Gachibowli,4.2,198.0,2369,598,"2 minutes walk to US Consulate, Hyderabad",True,False,2967
Hotel MN Grand Shamshabad Near RGI Airport Hyderabad,Shamshabad,4.3,78.0,2199,494,8.2 km drive to Rajiv Gandhi International Airport,True,False,2693
The Altruist Business Hotel (Hitech),Shilpa Hills,3.7,2245.0,3674,1143,Not provided,True,False,4817
ITC Kakatiya - A Luxury Collection Hotel,Begumpet,4.2,1245.0,19000,3420,2.7 km drive to Hussain Sagar Lake,True,False,22420
Hotel 5 Elements,Hitec City,4.1,622.0,2149,543,Not provided,False,False,2692
Park Royal Hotel,Shivaji Nagar,3.9,529.0,2245,525,2.7 km drive to Hussain Sagar Lake,True,False,2770
DELPHI GRAND,Kondapur,3.7,1017.0,2133,569,Not provided,True,False,2702
Ohris Baseraa ,Secunderabad,3.4,1912.0,2019,529,2.6 km drive to Hussain Sagar Lake,True,False,2548
CITADEL Hotel By Vinnca,Gaghan Pahad,4.1,1221.0,10022,3571,Not provided,True,False,13593
IRIS AT NEST,Madhapur,3.9,278.0,1694,479,Not provided,True,False,2173
HOTEL RAINTR33,Hitec City,3.8,1431.0,2117,652,Not provided,True,False,2769
Krrish Inn Hyderabad,Sanjeeva Reddy Nagar,3.8,734.0,2519,772,7 minutes walk to Aster Prime Hospital,True,False,3291
THE CENT,Lakdikapul,3.3,2028.0,3149,770,1.3 km drive to Hussain Sagar Lake,True,False,3919
Tabla Pride Hotel & Spa,Banjara Hills,3.5,324.0,3375,897,Not provided,False,False,4272
New Hotel Suhail,Koti,3.9,177.0,2639,593,2.7 km drive to Salar Jung Museum,True,False,3232
Minerva Grand- Kondapur,Kothaguda,3.9,1176.0,6138,1254,Not provided,True,False,7392
5 STAR GRAND PREMIUM,Gandiguda,4.4,61.0,1168,313,9.5 km drive to Rajiv Gandhi International Airport,False,False,1481
Hotel Silver Cle,Hitech City,4.2,168.0,3814,779,Not provided,True,False,4593
HOTEL SIGNATURE AIRPORT ZONE SHAMSHABAD,Shamshabad,3.8,3149.0,2369,621,8.3 km drive to Rajiv Gandhi International Airport,True,False,2990
iStay Hotels Jubilee Hills Hyderabad,Jubilee Hills,3.9,253.0,2363,658,Not provided,True,False,3021
Super Townhouse OAK BHOOJA HOTELS,Toli Chowki,3.7,85.0,1481,289,Not provided,True,False,1770
Hotel Geetanjali,Hyderguda,3.9,559.0,1066,296,3.0 km drive to Salar Jung Museum,True,False,1362
The Platinum Hotel,Himayat Nagar,3.9,776.0,2195,575,10 minutes walk to Hussain Sagar Lake,True,False,2770
FabHotel Prime Srishoin,Hitec City,4.5,111.0,3267,759,Not provided,True,False,4026
Destino by INR Suites,Madhapur,3.9,231.0,1637,463,Not provided,True,False,2100
Hotel Asrani International,Ramgopalpet,4.2,217.0,2693,557,1.9 km drive to Hussain Sagar Lake,True,False,3250
Taj Tristar,Secunderabad,3.9,1262.0,4054,942,2.3 km drive to Hussain Sagar Lake,True,False,4996
Hotel Transit By Encalm,Shamshabad,4.3,24.0,9050,2500,2 minutes walk to RGIA International Departures,True,False,11550
HOTEL KANHA BOUTIQUE,Gachibowli,4.0,134.0,1211,302,Not provided,False,False,1513
Marriott Executive Apartments Hyderabad,Gachibowli,4.3,654.0,35000,6300,Not provided,True,False,41300
Super Capital O Hoysala Inn,Kompally,3.5,395.0,2720,531,8 minutes walk to Surekha Hospital,True,False,3251
Zibe - Hyderabad by GRT Hotels,Kukatpally,4.2,537.0,4500,630,Not provided,True,False,5130
Taj Mahal Hotel,Abids,3.9,1751.0,2630,619,2.6 km drive to Hussain Sagar Lake,True,False,3249
BEST WESTERN Ashoka,Lakdikapul,4.0,2491.0,4396,1015,1.8 km drive to Hussain Sagar Lake,False,False,5411
Bloom Hotel - HITEC City,Madhapur,3.7,501.0,4930,1007,Not provided,True,False,5937
Prowell Hotels Apex,Kondapur,4.1,218.0,1691,469,Not provided,True,False,2160
Hotel Deccan Serai,Hitec City,4.1,2363.0,5828,1327,Not provided,False,False,7155
HOTEL PRIME CLASSIC,Shamshabad,4.1,178.0,2405,677,8.6 km drive to Rajiv Gandhi International Airport,True,False,3082
Hyatt Hyderabad Gachibowli,Gachibowli,4.1,928.0,50000,9000,"1.8 km drive to US Consulate, Hyderabad",True,False,59000
Hotel H Madhapur,Hitec City,3.9,71.0,1519,510,Not provided,True,False,2029
Hotel Sitara (Ramoji Film City),Anajpur,4.2,1011.0,8104,2472,9 minutes walk to Ramoji Filmcity,True,False,10576
LOKI's Forest Inn,LB Nagar,3.7,252.0,1946,503,Not provided,True,False,2449
Super Townhouse Rcc Prime,Moosapet,4.0,519.0,1778,347,Not provided,True,False,2125
Townhouse Sri Nirvana Grand,Yella Reddy Guda,4.7,31.0,1754,342,Not provided,True,False,2096
Super Townhouse RCC Elite,Begumpet,4.2,564.0,2055,401,2.5 km drive to Hussain Sagar Lake,True,False,2456
Bloom Hotel - Gachibowli,Gachibowli,4.0,357.0,5116,1045,Not provided,True,False,6161
The Balcony,Madhapur,4.5,269.0,1954,484,Not provided,True,False,2438
Aditya Hometel Hyderabad - A Sarovar Hotel,Ameerpet,3.5,2740.0,4590,551,2 minutes walk to Aster Prime Hospital,True,False,5141
The Lime Boutique Suites,Gachibowli,4.1,1596.0,3671,770,Not provided,True,False,4441
Hotel KINARA GRAND-Habsiguda,Habsiguda,3.6,403.0,2674,742,10 minutes walk to Rajiv Gandhi Cricket Stadium,False,False,3416
Hotel Aerotel,Shamshabad,4.0,25.0,2970,659,8.5 km drive to Rajiv Gandhi International Airport,True,False,3629
Hotel Park Airport Zone,Shamshabad,3.9,299.0,2633,690,8.4 km drive to Rajiv Gandhi International Airport,True,False,3323
Sheraton Hyderabad,Gachibowli,4.3,870.0,34750,6255,"1.1 km drive to US Consulate, Hyderabad",True,False,41005
Hotel Consulate,Gachibowli,4.0,23.0,3057,725,Not provided,True,False,3782
Hotel Shubham Palace Narsinghi,Narsingi,4.2,53.0,3235,717,Not provided,True,False,3952
Casa Grand Inn,Gachibowli,3.5,59.0,2079,448,"1.1 km drive to US Consulate, Hyderabad",True,False,2527
HOTEL SITARA GRAND LB NAGAR,LB Nagar,3.4,569.0,2338,624,Not provided,False,False,2962
Hotel Lotus Grand,Yella Reddy Guda,3.7,105.0,1844,483,Not provided,True,False,2327
Hotel Key Suites Gachibowli,Gachibowli,4.0,37.0,1832,518,Not provided,True,False,2350
Istay Hotels Hitec,Kondapur,3.7,1461.0,2806,771,Not provided,True,False,3577
Hotel Urban Sleep Airport Zone,Shamshabad,4.3,83.0,1262,280,Not provided,True,False,1542
Jubilee Festa Inn,Jubilee Hills,3.7,15.0,2825,704,Not provided,True,False,3529
FabHotel A&M,Banjara Hills,3.7,120.0,2262,623,Not provided,True,False,2885
ATLAS STAYS,Kukatpally,3.9,136.0,1448,438,Not provided,True,False,1886
Hotel Sybaritic Suites,Gachibowli,3.7,612.0,2397,675,Not provided,True,False,3072
Hotel Tara (Ramoji Film City),Anajpur,4.1,1022.0,5771,1314,8 minutes walk to Ramoji Filmcity,True,False,7085
Hampshire Plaza Hotel,Lakdikapul,3.8,1933.0,4486,1159,1.5 km drive to Hussain Sagar Lake,True,False,5645
Mango Suites Viera,Jubilee Hills,3.9,575.0,2304,642,Not provided,True,False,2946
Hotel Shantiniketan (Ramoji Film City),Anajpur,4.1,285.0,5692,1263,9 minutes walk to Ramoji Filmcity,True,False,6955
"Taj Falaknuma Palace, Hyderabad",Falaknuma,4.8,400.0,50000,9000,Not provided,True,False,59000
Trance Babylon Executive Stays,Kondapur,3.9,309.0,2281,512,Not provided,True,False,2793
Manohar Grand,Kukatpally Housing Board Colony,3.9,149.0,1452,362,1.8 km drive to Miyapur Metro Station,True,False,1814
Ohris Baseraa Inn,Basheer Bagh,3.7,130.0,1669,463,6 minutes walk to Hussain Sagar Lake,True,False,2132
Minerva Grand - Banjara,Banjara Hills,4.0,1672.0,5208,1064,Not provided,True,False,6272
Super Townhouse CASA GRAND,Punjagutta,3.7,93.0,1892,369,2.9 km drive to Hussain Sagar Lake,True,False,2261
Hotel Annapoorna Residency,Ramgopalpet,4.0,271.0,2411,542,1.3 km drive to Hussain Sagar Lake,True,False,2953
FabHotel Arastu Plaza,Nampally,4.1,70.0,1725,461,7 minutes walk to Nampally Railway Station,True,False,2186
Hotel Sky International,Shamshabad,4.1,180.0,2053,508,8.1 km drive to Rajiv Gandhi International Airport,True,False,2561
Hotel Supraja Yellow Bells,Madhapur,3.8,48.0,1615,425,Not provided,False,False,2040
Treebo Seventh Heaven Kukatpally,Kamalaprasad Nagar,3.9,121.0,1561,368,7 minutes walk to Harsha Hospital,True,False,1929
The Plaza,Begumpet,3.9,715.0,4651,950,Not provided,True,False,5601
Hotel Minerva Grand - Kompally,Kompally,4.5,174.0,4102,838,18.1 km from city centre,True,False,4940
Viera Elite,Jubilee Hills,4.2,145.0,2797,696,Not provided,False,False,3493
Super Townhouse De Alphabet Hotel Kukatpally Nexus Mall,Kukatpally Housing Board Colony,3.8,161.0,1765,344,Not provided,True,False,2109
Super Townhouse Lakdikapul,Redhills,3.6,231.0,2814,549,2.8 km drive to Hussain Sagar Lake,True,False,3363
Super Townhouse RCC Majestic 397 LB Nagar,Champapet,4.1,236.0,1848,367,Not provided,True,False,2215
SKYLA Studios & Suites - Kondapur,Kothaguda,4.6,39.0,23980,7115,Not provided,True,False,31095
Hotel Hibiscus Tree- Bachupally,Nizampet,3.6,85.0,2129,599,Not provided,True,False,2728
Hotel The Prime,Kokapet,4.0,77.0,1790,504,Not provided,True,False,2294
Super Collection O RCC MARVEL,Dilsukh Nagar,4.4,65.0,1772,346,Not provided,True,False,2118
Serenity la Serene,Madhapur,3.9,280.0,3960,968,9 minutes walk to State Gallery of Art,True,False,4928
Hotel Greens Inn (Ramoji Film City),Anajpur,3.9,133.0,3712,823,34.0 km from city centre,True,False,4535
HOTEL CAPITAL HEIGHTS NEAR AIRPORT ZONE SHAMSHABAD,Shamshabad,3.9,657.0,1413,175,8.5 km drive to Rajiv Gandhi International Airport,True,False,1588
Hotel Shubham Prestige,Karmanghat,3.9,63.0,5649,1407,Not provided,True,False,7056
Bloom Hotel Cyber Towers,Hitec City,4.0,245.0,8370,2250,Not provided,True,False,10620
Luxor Park,Madhapur,3.6,50.0,1486,329,Not provided,True,False,1815
Hotel Pratz Inn,Gachibowli,4.1,464.0,1705,473,Not provided,True,False,2178
Super Collection O Halcyon Madhapur,Hitec City,3.8,77.0,1765,344,Not provided,True,False,2109
Heritage Inn,Ramgopalpet,4.0,254.0,2070,523,1.3 km drive to Hussain Sagar Lake,True,False,2593
Peerless Hotel Hyderabad,Rai Durg,3.6,727.0,3978,906,Not provided,True,False,4884
Townhouse Halcyon Hi-Tech City Near Medicover Hospital,Hitec City,3.4,337.0,2094,409,Not provided,True,False,2503
5 STAR GRAND,Gandiguda,3.7,60.0,990,284,9.7 km drive to Rajiv Gandhi International Airport,True,False,1274
Palladium Luxury Suites Unit II,Gachibowli,4.1,38.0,3139,641,Not provided,True,False,3780
Super Collection O Rcc Hotel Banjara Hills,Banjara Hills,4.3,138.0,2416,451,Not provided,True,False,2867
Maven Suites,Jubilee Hills,3.9,43.0,1453,362,Not provided,True,False,1815
Clarks Inn Suites Hyderabad Airport,Gaghan Pahad,5.0,3.0,6027,1231,Not provided,True,False,7258
Super Collection O De Alphabet Hotel ECIL,Kushaiguda,4.1,62.0,1670,326,17.9 km from city centre,True,False,1996
Hotel White Fields By Spring Leaf,Kondapur,4.1,107.0,2388,637,Not provided,True,False,3025
Super Townhouse Gachibowli Near Sky View,Gachibowli,4.0,138.0,2253,421,Not provided,True,False,2674
HOTEL PANCHAVATI GRAND,Shivaji Nagar,3.8,404.0,1756,504,1.9 km drive to Hussain Sagar Lake,True,False,2260
Super Capital O Qualia Gachibowli,Gachibowli,4.1,89.0,1699,317,Not provided,True,False,2016
Treebo Arastu Grand,Abids,3.7,301.0,2321,547,2.9 km drive to Salar Jung Museum,True,False,2868
Super Townhouse Rcc Pride,Kukatpally Housing Board Colony,4.3,154.0,1954,365,Not provided,True,False,2319
HOTEL YELLOW BELLS,Gachibowli,3.8,178.0,980,318,"950 m drive to AIG Gachibowli, Hyderabad",True,False,1298
FabExpress Grand Aarvi Prime,Miyapur,4.1,86.0,1567,407,Not provided,True,False,1974
BLOOM HOTEL FINANCIAL DISTRICT,Nanakram Guda,4.0,12.0,4651,950,"2.8 km drive to US Consulate, Hyderabad",True,False,5601
Super Townhouse Oak Madhapur Nera Regency,Hitec City,3.8,326.0,2502,467,Not provided,True,False,2969
Hotel Urvasi,Somajiguda,3.5,647.0,2805,790,2.1 km drive to Hussain Sagar Lake,True,False,3595
Shanbhag Hotel,Punjagutta,3.4,327.0,1485,329,Not provided,True,False,1814
Super Townhouse THE CINCO HOTEL NEAR ESI HOSPITAL ( SR NAGAR),Sanath Nagar,3.5,244.0,1759,343,Not provided,True,False,2102
Hotel Kanha Grand,Redhills,3.8,110.0,1615,402,Not provided,True,False,2017
Our Nest,Begumpet,3.7,1080.0,1420,394,2.4 km drive to Hussain Sagar Lake,False,False,1814
Super Capital O Vaishnavi,Secunderabad,3.4,753.0,1521,297,2.2 km drive to Hussain Sagar Lake,True,False,1818
treeyo hotels,Moula Ali,4.0,42.0,1922,485,17.3 km from city centre,True,False,2407
Hotel Windsor Plaza,Gachibowli,3.4,50.0,2663,551,"5 minutes walk to AIG Gachibowli, Hyderabad",True,False,3214
Treebo De Alphabet Kondapur,Kondapur,3.8,115.0,2227,525,Not provided,True,False,2752
Treebo Kruthika Residency,Gachibowli,3.5,128.0,2075,478,Not provided,True,False,2553
7seven luxuary hotel,Kushaiguda,3.9,125.0,3067,764,18.8 km from city centre,False,False,3831
RADHE SUITES,Madhapur,4.2,99.0,2020,418,Not provided,True,False,2438
Hotel SVM Grand Ramanthapur,Habsiguda,3.9,22.0,3632,905,10 minutes walk to Rajiv Gandhi Cricket Stadium,True,False,4537
HOTEL APPLE TREE,Kukatpally,3.4,66.0,1331,363,Not provided,True,False,1694
"Treebo Address Inn, Banjara Hills.",Banjara Hills,3.3,285.0,2224,512,Not provided,True,False,2736
FabExpress Starhood,Manikonda,3.6,7.0,1281,333,Not provided,True,False,1614
Hotel Milap Residency,Yella Reddy Guda,3.8,66.0,1479,403,Not provided,True,False,1882
Super Hotel O Gokul Grand Near SR Nagar Police Station,Ameerpet,3.6,792.0,1923,382,9 minutes walk to Aditya Trade Center,True,False,2305
Hotel Rainbow Tower Shamshabad Airport Zone,Shamshabad,3.7,1086.0,1811,608,8.9 km drive to Rajiv Gandhi International Airport,True,False,2419
White Fern Stays,Gachibowli,4.1,38.0,2088,469,Not provided,False,False,2557
Hotel Transit,Begumpet,3.3,203.0,1206,344,Not provided,True,False,1550
Cyber Pride,Gachibowli,4.0,487.0,1885,441,Not provided,True,False,2326
Super Townhouse Nirvana Elite,Madhapur,3.8,30.0,1518,296,Not provided,True,False,1814
Hotel Viraaj Suites Miyapur,Hafeezpet,3.7,31.0,1268,346,2.2 km drive to Miyapur Metro Station,True,False,1614
Super Townhouse RCC PARK VIEW INN,Hafeezpet,4.2,179.0,2331,455,2.2 km drive to Miyapur Metro Station,True,False,2786
Hotel Maritan - Hitech City,Hitec City,4.5,4.0,2111,437,Not provided,True,False,2548
SUPERB HOTELS,Khairatabad,4.1,18.0,2755,570,7 minutes walk to Hussain Sagar Lake,True,False,3325
"Treebo SY Inn, Gachibowli DLF",Gachibowli,3.7,52.0,2844,670,Not provided,True,False,3514
Bikanervala Boutique Hotel,Banjara Hills,4.2,1296.0,3837,784,3.0 km drive to Hussain Sagar Lake,True,False,4621
Hotel Jubilee Park,Nagole,4.0,153.0,3348,684,Not provided,True,False,4032
The Westin Hyderabad Mindspace,Hitec City,4.3,1280.0,50250,9045,Not provided,True,False,59295
Hotel Wild Wings,Gachibowli,3.8,21.0,2453,683,Not provided,True,False,3136
Super Collection O Rbs Kothapet-nagole Road,LB Nagar,4.2,172.0,1048,208,Not provided,True,False,1256
Treebo Address Inn Jubilee Hills,Jubilee Hills,3.7,55.0,2355,543,Not provided,True,False,2898
Yatri Inn,Shivaji Nagar,4.2,31.0,2906,724,2.7 km drive to Hussain Sagar Lake,True,False,3630
Super Collection O De Alphabet Hotel,Bahadurpally,4.3,23.0,1867,364,Not provided,True,False,2231
Hotel KASS,Jeedimetla,3.7,91.0,3999,817,17.0 km from city centre,True,False,4816
"Treebo Virat Residency, US Consulate",Gachibowli,4.2,156.0,2650,611,"1.1 km drive to US Consulate, Hyderabad",True,False,3261
Super Townhouse Kukatpally formerly SV Royal,Kukatpally,4.0,33.0,2164,404,Not provided,True,False,2568
HOTEL VR ASHOKA GRAND,Hafeezpet,3.7,65.0,1999,553,Not provided,True,False,2552
Horizon Residency,Madhapur,3.3,628.0,1077,278,Not provided,True,False,1355
Oriva Vinflora Residency,Sri Nagar Colony,4.5,13.0,4139,962,Not provided,True,False,5101
Hotel SVM Grand- Medipally,Boduppal,3.7,43.0,3878,860,Not provided,True,False,4738
Treebo Destination Inn,Punjagutta,3.7,121.0,2713,625,Not provided,True,False,3338
FabHotel Golden Hitech,Madhapur,3.9,68.0,1447,399,Not provided,True,False,1846
Palladium Luxury Suites Unit I,Gachibowli,4.1,71.0,3139,641,Not provided,True,False,3780
Treebo Premium Metropolis,Shivaji Nagar,3.7,564.0,2953,681,2.8 km drive to Hussain Sagar Lake,True,False,3634
Treebo Tee,Chintalakunta,3.8,211.0,2262,521,Not provided,True,False,2783
The Nectar Hotel,Nampally,4.1,8.0,2098,560,8 minutes walk to Nampally Railway Station,True,False,2658
Grand Manor Suites,Chintalmet,3.9,15.0,3627,741,Not provided,True,False,4368
Hotel SVM Palace,Koti,3.7,13.0,2062,521,2.6 km drive to Salar Jung Museum,True,False,2583
Super Collection O QUALIA PRIME HOTEL NEAR NEXUS MALL,Kukatpally Housing Board Colony,4.3,101.0,1549,302,2.5 km drive to Miyapur Metro Station,True,False,1851
GIS Legacy Banjara,Banjara Hills,3.5,266.0,1790,504,Not provided,True,False,2294
Prestige Nirvana Club,Rajendra Nagar,3.7,10.0,4054,923,Not provided,True,False,4977
Hotel Minerva Grand,Himayat Nagar,4.1,558.0,3914,903,1.8 km drive to Hussain Sagar Lake,True,False,4817
FabHotel Aamantran & Banquet Halls,Kavadiguda,3.6,89.0,1811,499,2.8 km drive to Hussain Sagar Lake,True,False,2310
FabHotel JKC Grand,Madhapur,3.9,66.0,1537,424,Not provided,True,False,1961
Hotel Aruna Dwraka Homes,Pocharam,3.8,4.0,1453,362,23.9 km from city centre,True,False,1815
HOTEL SITARA GRAND BANJARA HILLS,Banjara Hills,3.3,491.0,3382,874,Not provided,True,False,4256
Super Townhouse De Alphabet Karmanghat,Saroornagar,4.3,78.0,2193,428,Not provided,True,False,2621
iROOMZ Hotel Grand Aarvi Suites,Kukatpally Housing Board Colony,,,1569,390,2.6 km drive to Miyapur Metro Station,True,False,1959
Super Collection O Rcc Blizz,Hafeezpet,4.3,96.0,1648,321,Not provided,True,False,1969
Hotel 7 Hills,Madhapur,,,1292,322,Not provided,True,False,1614
FabHotel Pride Inn,Hitec City,3.8,331.0,1809,498,Not provided,False,False,2307
Super Hotel O Golden Hive Madhapur Near Shilparamam,Madhapur,3.8,396.0,1411,275,Not provided,True,False,1686
Super Townhouse Nanak Ram Guda Near WaveRock SEZ,Nanakram Guda,3.4,65.0,1567,293,"2.9 km drive to US Consulate, Hyderabad",True,False,1860
Hotel O RBS Classic Stay Boduppal,Narapally,4.5,26.0,1135,221,Not provided,True,False,1356
Super Townhouse Oak Kompally,Jeedimetla,4.9,33.0,1967,384,16.7 km from city centre,True,False,2351
Townhouse De Alphabet,Bolarum,2.9,263.0,1278,229,16.9 km from city centre,True,False,1507
The Vantage Inn,Gachibowli,4.4,49.0,3732,861,"3 minutes walk to US Consulate, Hyderabad",True,False,4593
Super Hotel O Qualia Miyapur,Hafeezpet,3.8,324.0,1385,270,Not provided,True,False,1655
Super Collection O Sanath Nagar Near Railway Station,Sanath Nagar,4.7,9.0,1467,286,Not provided,True,False,1753
Anika Suites,Gachibowli,3.8,76.0,2278,564,Not provided,True,False,2842
Treebo Srico,Banjara Hills,3.4,170.0,2330,537,Not provided,True,False,2867
FabHotel Namaha Suites,Shamshabad,3.5,59.0,1583,436,8.5 km drive to Rajiv Gandhi International Airport,False,False,2019
Hotel O METRO INN,Shivaji Nagar,3.9,49.0,1972,385,2.7 km drive to Hussain Sagar Lake,True,False,2357
FabHotel Broholic Suites I,Gachibowli,3.6,9.0,1266,349,"2.8 km drive to US Consulate, Hyderabad",True,False,1615
FabExpress Airport Stay Inn,Near Hyderabad Airport,3.3,65.0,1312,361,6.8 km drive to Rajiv Gandhi International Airport,True,False,1673
Super Collection O Rio Kondapur Near Rahavendra Colony,Kondapur,3.7,71.0,1205,239,Not provided,True,False,1444
Ranjit Residency,Secunderabad,3.4,260.0,888,246,2.4 km drive to Hussain Sagar Lake,True,False,1134
FabHotel Pride Inn Financia,Gachibowli,3.9,86.0,1448,399,Not provided,True,False,1847
Hotel Sri Sai Regency new,Himayat Nagar,3.1,44.0,1142,273,2.4 km drive to Hussain Sagar Lake,True,False,1415
Super Collection O Q Suites Madhapur,Borabanda,4.0,47.0,1311,256,Not provided,True,False,1567
Hotel Sai Prakash,Abids,2.8,248.0,1168,269,2.7 km drive to Hussain Sagar Lake,True,False,1437
Treebo Fort Club,Attapur,3.8,101.0,2327,536,Not provided,True,False,2863
Super Townhouse Rcc Premier Sr Nagar,Balkampet,4.3,46.0,2190,427,Not provided,True,False,2617
Amrutha Castle,Khairatabad,2.9,1233.0,3077,772,8 minutes walk to Hussain Sagar Lake,True,False,3849
Hotel O Qualia Homes Kondapur,Gachibowli,3.7,175.0,1135,221,Not provided,True,False,1356
Super Collection O Casa Grand Hotels Nacharam,Nacharam Mallapur Road,3.8,96.0,2331,455,14.0 km from city centre,True,False,2786
Hotel Sky Park,Shamshabad,3.6,202.0,2868,873,8.3 km drive to Rajiv Gandhi International Airport,True,False,3741
Hotel Sky View Suites,Gachibowli,3.6,52.0,1437,378,Not provided,True,False,1815
Hotel Taj Jubilee Hills,Jubilee Hills,3.6,113.0,3993,1096,Not provided,True,False,5089
Hotel VJR,Abdullapurmet,3.6,115.0,1991,503,31.0 km from city centre,True,False,2494
Hotel La Premier,Madhapur,3.4,8.0,3459,798,Not provided,True,False,4257
FabHotel Udipi's Vihar,Kondapur,4.2,61.0,1449,399,Not provided,True,False,1848
HOTEL SWAGATH GRAND Suchitra,Jeedimetla,3.4,340.0,3150,378,16.4 km from city centre,True,False,3528
Super Townhouse Kondapur Near Botanical Garden,Kondapur,4.4,65.0,2107,419,Not provided,True,False,2526
Our Nest Banjara,Jubilee Hills,3.7,329.0,2106,552,Not provided,True,False,2658
Super Capital O Rudra Grand Near Kondapur x Road,Kondapur,3.8,291.0,4833,943,Not provided,True,False,5776
Hotel Aahwanam Elite Grand,Vanasthalipuram,3.8,8.0,2515,588,Not provided,True,False,3103
Super Hotel O RELAX INN,Erragadda,4.8,11.0,1265,247,Not provided,True,False,1512
FabHotel Pearl City HiTech City,Hitec City,3.8,165.0,2079,573,Not provided,False,False,2652
Elite Rooms,Sri Nagar Colony,3.5,102.0,1176,287,Not provided,True,False,1463
FabHotel Serenity,Gachibowli,3.6,65.0,1855,511,"8 minutes walk to AIG Gachibowli, Hyderabad",True,False,2366
Hotel O Red Stone Hotels,Gachibowli,3.7,23.0,1100,215,Not provided,True,False,1315
FabHotel Metro,Shivaji Nagar,3.5,14.0,2054,554,2.7 km drive to Hussain Sagar Lake,True,False,2608
Super Capital O Saharsh Grand Near Shilparamam,Kondapur,3.7,393.0,1515,295,Not provided,True,False,1810
Hotel Royal Suites and  Rooms,Gachibowli,2.7,58.0,1976,462,"10 minutes walk to AIG Gachibowli, Hyderabad",True,False,2438
Super Townhouse RCC Sunrise,Begumpet,3.9,171.0,1975,392,Not provided,True,False,2367
Serenity La Vista,Hitec City,4.1,262.0,4093,836,Not provided,True,False,4929
FabHotel WR Grand I,Shivaji Nagar,3.2,4.0,1697,405,8.1 km from city centre,True,False,2102
Super Collection O Gachibowli formerly Vinayaka,Gachibowli,3.3,199.0,1389,264,Not provided,True,False,1653
Hotel Gayathri Residency,Abids,3.2,11.0,1335,362,2.9 km drive to Hussain Sagar Lake,True,False,1697
Super Collection O Secunderabad-II,Bowenpally,3.9,206.0,1607,313,10.2 km from city centre,True,False,1920
Hotel O Qualia Nallagandla,Gopanapalli,4.3,90.0,1943,379,Not provided,True,False,2322
HOTEL TULIPS GRAND,Pocharam,4.3,70.0,3720,760,24.3 km from city centre,True,False,4480
Super Collection O RCC Pristine,Yella Reddy Guda,4.2,180.0,1978,376,Not provided,True,False,2354
FabHotel Sri Karthikeya Grand,Kukatpally Housing Board Colony,4.2,80.0,1268,349,2.8 km drive to Miyapur Metro Station,True,False,1617
The Grand Plaza,Abids,3.6,61.0,1518,337,2.4 km drive to Hussain Sagar Lake,False,False,1855
Hotel Eagle Grand,Shamshabad,3.6,134.0,2432,540,8.2 km drive to Rajiv Gandhi International Airport,True,False,2972
Hotel O Landcorp Hotels,Madhapur,3.4,110.0,1024,200,Not provided,True,False,1224
Super Townhouse Begumpet Near Hyderabad Central,Ameerpet,3.3,291.0,2063,402,Not provided,True,False,2465
Dash Hotels - Affordable Luxury,Hyderguda,3.8,103.0,2648,548,Not provided,True,False,3196
FabExpress Broholic Suites,Kukatpally,3.4,81.0,1267,349,9 minutes walk to Harsha Hospital,True,False,1616
Hotel Fortune Heights,Shamshabad,3.6,374.0,1521,183,8.7 km drive to Rajiv Gandhi International Airport,True,False,1704
SSR Grand - CannyChoice Affiliate Hotel,Chandanagar,3.6,103.0,1734,524,Not provided,True,False,2258
FabHotel Lio7 Grand,Hastinapuram,4.2,51.0,1628,449,Not provided,True,False,2077
Hotel Kinara Grand,Yella Reddy Guda,3.6,707.0,3560,920,Not provided,True,False,4480
Super Townhouse Oak LB Nagar Ramoji formerly N7 Elite,Champapet,3.6,148.0,1751,341,Not provided,True,False,2092
FabHotel Prime AM Suites,Secunderabad,4.2,9.0,2895,798,2.4 km drive to Hussain Sagar Lake,True,False,3693
Quality Inn Residency,Abids,3.4,413.0,3188,707,2.8 km drive to Hussain Sagar Lake,True,False,3895
Grand Continent Secunderabad A Sarovar Portico Affiliate Hotel,Secunderabad,3.9,75.0,4050,486,2.8 km drive to Hussain Sagar Lake,True,False,4536
Super Townhouse CASA GRAND HIMAYATNAGAR,Narayanguda,3.7,18.0,1988,388,Not provided,True,False,2376
FabHotel VKs,Suraram,3.9,16.0,1666,443,Not provided,True,False,2109
Super Collection O Halcyon SS Grand,Suraram,3.7,46.0,1546,302,Not provided,True,False,1848
Hotel O Langar Houz Near Golconda Fort,Langar Houz,3.5,51.0,1018,202,Not provided,True,False,1220
Hotel OAK by Signature,Shamshabad,4.1,2424.0,2195,575,8.5 km drive to Rajiv Gandhi International Airport,True,False,2770
Hotel O Ab Residency Near Miraj Cinemas - Shalini Shivani,Saroornagar,3.6,49.0,1240,242,Not provided,True,False,1482
Townhouse S Continental,Kachiguda,2.9,96.0,1183,212,Not provided,True,False,1395
HOTEL SITARA GRAND KUKATPALLY,Kukatpally Housing Board Colony,3.0,604.0,2685,628,Not provided,True,False,3313
FabHotel Royal Signature,Madhapur,3.6,13.0,1802,430,Not provided,True,False,2232
FabExpress The Dream Elite,Shaikpet,3.3,23.0,1131,311,Not provided,True,False,1442
FabHotel SK Grand,Madhapur,3.8,24.0,1389,361,Not provided,True,False,1750
vrindavan   comfort  inn,Somajiguda,3.1,155.0,925,205,2.4 km drive to Hussain Sagar Lake,True,False,1130
Treebo J A Royal Suites Manikonda,Manikonda,3.5,68.0,2380,548,Not provided,True,False,2928
FabExpress D Grand,Kukatpally,3.7,13.0,1086,299,2.9 km drive to Miyapur Metro Station,True,False,1385
Treebo Pride Inn Botanica,Gachibowli,3.7,189.0,1896,437,Not provided,True,False,2333
Super Hotel O RBS Classic Stay Nacharam Mallapur Road,Mallapur,4.0,27.0,1099,214,16.7 km from city centre,True,False,1313
FabHotel SSR Fern Suites,Miyapur,3.6,51.0,1900,523,Not provided,True,False,2423
HOTEL SITARA PARADISE AMEERPET,Punjagutta,3.8,1008.0,2149,445,Not provided,True,False,2594
Hotel O The Botanica Grand,Kondapur,3.7,143.0,1219,238,Not provided,True,False,1457
Hotel Stay Inn,Ramgopalpet,3.8,288.0,2388,494,4 minutes walk to Hussain Sagar Lake,True,False,2882
Cosy Banjara,Somajiguda,3.8,331.0,1535,314,2.0 km drive to Hussain Sagar Lake,True,False,1849
Super Townhouse Eaglewood Gachibowli,Gachibowli,3.0,112.0,1595,285,Not provided,True,False,1880
HOTEL SRIRAMA EMPIRE,Gachibowli,3.2,126.0,1128,324,"1.2 km drive to US Consulate, Hyderabad",True,False,1452
Super Collection O SRP LUXURY ROOMS,Bahadurpally,3.7,41.0,1405,274,Not provided,True,False,1679
Arjuna Luxury Rooms,Gachibowli,4.0,50.0,1620,396,"990 m drive to US Consulate, Hyderabad",True,False,2016
SRI  VENGAMAMBA HOTELS,Uppal,3.5,66.0,2940,678,Not provided,True,False,3618
The Palazzo,Kukatpally Housing Board Colony,3.5,288.0,1940,454,Not provided,True,False,2394
Frenotel Secunderabad,Ramgopalpet,,,1489,304,6 minutes walk to Hussain Sagar Lake,True,False,1793
Townhouse Gachibowli Near Gopichand Academy,Gachibowli,4.6,10.0,1930,403,Not provided,True,False,2333
Inndoors Lodge,Gachibowli,3.4,142.0,1150,286,"9 minutes walk to AIG Gachibowli, Hyderabad",True,False,1436
HOTEL NEEM TREE - HYDERABAD AIRPORT,Shamshabad,3.5,532.0,1349,276,8.9 km drive to Rajiv Gandhi International Airport,True,False,1625
Welkin Hotel,Ramgopalpet,3.7,235.0,2663,739,1.8 km drive to Hussain Sagar Lake,True,False,3402
Super Townhouse Begumpet Near Metro Stn formerly Townvilla,Ameerpet,3.7,336.0,1983,387,960 m drive to Aditya Trade Center,True,False,2370
Itsy Hotels Aflah,Nampally,3.7,88.0,1612,380,10 minutes walk to Nampally Railway Station,True,False,1992
Hotel Watan Residency,Feelkhana,3.5,68.0,806,201,1.8 km drive to Salar Jung Museum,True,False,1007
Super Hotel O RBS ECIL,Kapra,3.5,11.0,1042,203,17.4 km from city centre,True,False,1245
Hotel O Hanuma Residency,LB Nagar,1.8,43.0,781,140,Not provided,True,False,921
Super Hotel O Madhapur VIP Hills,Madhapur,2.7,25.0,1496,279,Not provided,True,False,1775
HOTEL DOLPHIN,Kukatpally Housing Board Colony,3.3,11.0,1651,366,Not provided,True,False,2017
Super Hotel O New Cyber Grand Madhapur,Madhapur,3.7,59.0,1503,293,Not provided,True,False,1796
Hotel O Living Tree In,Alwal,3.9,7.0,1305,255,16.9 km from city centre,True,False,1560
Hotel SVM Grand bachupally,Nizampet,3.4,19.0,2461,621,Not provided,True,False,3082
Hotel O Shiridi Residency Near Birla Mandir,Abids,3.4,107.0,984,195,3.0 km drive to Salar Jung Museum,True,False,1179
Itsy Hotels Arastu Inn,Redhills,3.6,354.0,1912,441,Not provided,True,False,2353
FabHotel Blue Dawn,Gachibowli,3.1,20.0,1883,455,Not provided,True,False,2338
FabHotel Maruthi Residency,Redhills,3.5,54.0,1628,449,2.9 km drive to Hussain Sagar Lake,True,False,2077
Innzoy Hotels,Chitrapuri Colony,4.4,8.0,1639,378,Not provided,True,False,2017
Hotel O Near Dilsuknagar Metro,Kothapet,4.0,15.0,1273,248,Not provided,True,False,1521
Destino By Halcyon Hotels,Hitec City,3.5,93.0,1350,458,Not provided,True,False,1808
FabHotel Dream Connect,Narsingi,4.0,4.0,1591,380,Not provided,True,False,1971
Smart Stay Luxe Hitech city,Gachibowli,3.3,68.0,1202,311,Not provided,True,False,1513
FabHotel Direct CheckIn,Hitech City,3.5,68.0,1492,411,Not provided,True,False,1903
Super Collection O Malkajgiri formerly Serene Woods,Malkajgiri,3.6,105.0,1264,247,13.5 km from city centre,True,False,1511
"Treebo Acsys, Gachibowli",Gachibowli,3.4,63.0,3747,864,Not provided,True,False,4611
Hotel Haridwar,Koti,3.3,633.0,675,187,2.8 km drive to Salar Jung Museum,False,False,862
Hotel O Perfect Stay,Puppalaguda,3.6,73.0,970,189,Not provided,True,False,1159
Hotel Tanisha Jubilee,Jubilee Hills,3.1,228.0,2335,546,Not provided,True,False,2881
Harvey s Hotels Gachibowli,Gachibowli,3.3,39.0,4836,988,"2 minutes walk to US Consulate, Hyderabad",True,False,5824
Olympia Inn,Sivarampalli,3.5,106.0,1661,386,Not provided,True,False,2047
Super Collection O Mythri Hotel,Moula Ali,3.2,87.0,1151,225,17.4 km from city centre,True,False,1376
Sri Sampoorna Hotel,Pedda Amberpet,3.1,58.0,1952,404,25.6 km from city centre,True,False,2356
FabHotel Grand Broholic,Hafeezpet,3.9,27.0,957,264,Not provided,True,False,1221
Hotel Rainbow International,Shamshabad,1.4,33.0,2280,512,8.5 km drive to Rajiv Gandhi International Airport,True,False,2792
Hotel O Sai Mansion,Malkajgiri,3.9,58.0,1153,229,13.3 km from city centre,True,False,1382
Hotel Silicon Ville,Gachibowli,3.5,140.0,2754,570,Not provided,True,False,3324
Hotel O RBS Square Langer Houz,Langar Houz,3.6,31.0,1288,251,2.7 km drive to Golconda Fort,True,False,1539
Hotel Asian Inn,Near Nampally Train Station,3.4,339.0,1050,261,2.4 km drive to Hussain Sagar Lake,False,False,1311
HOTEL SVM GRAND Banjara,Banjara Hills,2.9,36.0,3267,827,2.4 km drive to Hussain Sagar Lake,True,False,4094
Super Townhouse De Alphabet,Kondapur,3.5,80.0,1676,327,Not provided,True,False,2003
The Balcony Suites,Manchirevula,4.5,17.0,2388,494,Not provided,True,False,2882
HIGHWAY GRAND RESIDENCY,Venkat Nagar Colony,3.0,132.0,1194,254,Not provided,True,False,1448
Townhouse Shamshabad Near Airport,Shamshabad,3.5,25.0,1934,377,9.8 km drive to Rajiv Gandhi International Airport,True,False,2311
FabHotel Rooms 27,Madhapur,3.9,33.0,1404,387,Not provided,True,False,1791
Super Collection O Gachibowli Phase,Gachibowli,4.2,43.0,1671,312,"2.8 km drive to US Consulate, Hyderabad",True,False,1983
Hotel Aditya Inn Gachibowli,Gachibowli,3.3,86.0,2694,630,Not provided,True,False,3324
Hotel O Elite Stay Near Habsiguda Metro Station,Malkajgiri,3.8,61.0,1020,199,13.7 km from city centre,True,False,1219
FabExpress Golden Gate,Madhapur,3.3,32.0,1267,349,Not provided,True,False,1616
Super Hotel O Dk Reddy Square,Moula Ali,3.6,53.0,1153,229,17.5 km from city centre,True,False,1382
Hotel KINARA GRAND-Shamshabad,Shamshabad,3.2,614.0,1393,321,7.7 km drive to Rajiv Gandhi International Airport,True,False,1714
HOTEL PARKLANE,Secunderabad,3.2,444.0,1730,399,1.9 km drive to Hussain Sagar Lake,False,False,2129
FabHotel WR Grand,Banjara Hills,3.6,17.0,1854,511,Not provided,True,False,2365
Treebo Navya The Park,Gachibowli,3.5,94.0,2208,520,Not provided,True,False,2728
Super Collection O Medipally,Boduppal,5.0,4.0,1048,204,Not provided,True,False,1252
Treebo The Address Inn Mehdipatnam,Mehdipatnam,3.5,16.0,1826,421,Not provided,True,False,2247
Super Townhouse Oak Rai Durg,Rai Durg,3.4,157.0,1654,309,Not provided,True,False,1963
FabHotel Prestige Castle,Kondapur,3.4,5.0,1484,354,Not provided,True,False,1838
Hotel O Gravity Spaces Gs,Manikonda,2.4,23.0,939,168,Not provided,True,False,1107
Hotel O Srh Pride,Kukatpally,2.8,26.0,1155,225,Not provided,True,False,1380
Royal Reve Hotel,Secunderabad,3.8,294.0,5000,600,2.7 km drive to Hussain Sagar Lake,True,False,5600
Super Collection O SS Metro Ritz,Yella Reddy Guda,3.7,51.0,1352,264,Not provided,True,False,1616
Hotel Park Niveda,Shamshabad,3.8,33.0,2560,599,8.1 km drive to Rajiv Gandhi International Airport,True,False,3159
Super Collection O Sv Grand Patancheru,Patancheru,3.5,29.0,970,189,Not provided,True,False,1159
Super Hotel O Sri Nirvana Edge,Yella Reddy Guda,3.9,19.0,1503,293,Not provided,True,False,1796
Hotel Ambassador,Ramgopalpet,3.7,27.0,1861,380,1.7 km drive to Hussain Sagar Lake,True,False,2241
FabHotel Fortune Begumpet,Begumpet,3.5,81.0,1698,405,3.0 km drive to Hussain Sagar Lake,True,False,2103
Hotel SIndhura Grand,LB Nagar,3.1,99.0,2220,550,Not provided,True,False,2770
Hotel O77115 Vaishnavi Palace,Ramgopalpet,3.3,87.0,1135,221,9 minutes walk to Hussain Sagar Lake,True,False,1356
Hotel SSR Fern Suites,Miyapur,3.4,51.0,1567,405,Not provided,True,False,1972
Hotel Megha City,Basheer Bagh,3.9,274.0,1093,252,1.7 km drive to Hussain Sagar Lake,False,False,1345
Super Townhouse Rio,LB Nagar,3.7,51.0,1062,207,Not provided,True,False,1269
Super Hotel O Holiday Rani Gunj Opp Punjab national bank,Rani Gunj,3.4,186.0,912,178,5 minutes walk to Hussain Sagar Lake,True,False,1090
Super Townhouse VIP Hills Hitech City,Madhapur,3.4,13.0,2448,457,Not provided,True,False,2905
Super Hotel O Elite Stay,Narapally,3.9,32.0,982,195,22.7 km from city centre,True,False,1177
HOTEL SWAGATH GRAND A.S RAO NAGAR,Dr A S Rao Nagar Colony,3.3,230.0,3340,816,17.2 km from city centre,True,False,4156
Capital O Ragas Inn,Vanasthalipuram,3.6,53.0,1011,197,Not provided,True,False,1208
Hotel O Athidhi Stay Inn,Kondapur,2.0,6.0,748,134,Not provided,True,False,882
Super Collection O Vanasthalipuram formerly MG Elite,Chintalakunta,4.1,15.0,1952,364,Not provided,True,False,2316
Priya Residency,Suraram,3.7,25.0,1821,420,Not provided,True,False,2241
Hotel O R Square Uppal,Uppal,3.3,57.0,1156,225,Not provided,True,False,1381
Collection O Alekhya Residency,Khairatabad,3.2,233.0,1426,255,1.2 km drive to Hussain Sagar Lake,True,False,1681
FabExpress Blue Dawn,Madhapur,3.0,16.0,1612,444,Not provided,True,False,2056
Sula Stay,Kukatpally Housing Board Colony,,,2066,428,3.0 km drive to Miyapur Metro Station,True,False,2494
 Hotel In Nova,Punjagutta,3.3,55.0,1197,326,Not provided,True,False,1523
"Hotel O Silverkey ,near RTO office kondapur",Kondapur,2.8,67.0,1140,204,Not provided,True,False,1344
Super Hotel O Lucky Hotels Gachibowli,Gachibowli,3.3,103.0,1411,275,Not provided,True,False,1686
Super Hotel O Vaishnavi Inn,Ramgopalpet,3.3,193.0,1127,210,6 minutes walk to Hussain Sagar Lake,True,False,1337
The Grand Solitaire (SD Road),Secunderabad,2.5,128.0,1944,402,1.9 km drive to Hussain Sagar Lake,True,False,2346
Hotel O Khajaguda,Gachibowli,2.6,141.0,1042,186,Not provided,True,False,1228
Hotel NS Royal Emirates Jubilee,Jubilee Hills,3.8,117.0,4110,1005,Not provided,False,False,5115
Super Townhouse Ragas Grand,Hastinapuram,3.7,28.0,1232,245,Not provided,True,False,1477
Collection O Millennium Grand,Miyapur,3.1,593.0,1963,351,Not provided,True,False,2314
Hotel O RBS NFC Road,Moula Ali,3.9,42.0,960,187,17.9 km from city centre,True,False,1147
Collection O De Alphabet Hotel UMCC,Jeedimetla,3.5,15.0,1551,277,Not provided,True,False,1828
Hotel Shubham Prestige Kandlakoya,Kandlakoi,,,4465,912,Not provided,True,False,5377
Super Hotel O Angel,Jillelguda,,,1352,264,Not provided,True,False,1616
Hotel Abinand Grand BHEL,Bharat Heavy Electricals Limited,3.3,57.0,2424,567,Not provided,True,False,2991
FabHotel Sri Sai Grand Inn,Kukatpally Housing Board Colony,2.5,4.0,1593,380,1.8 km drive to Miyapur Metro Station,True,False,1973
Maruthi Residency Inn & Restaurant,LB Nagar,3.2,89.0,1877,388,Not provided,True,False,2265
Palette - HOTEL STAR GRANDEUR,Madhapur,,,1652,348,Not provided,True,False,2000
Hotel Samrat Presidency,Balanagar,3.1,43.0,2245,525,Not provided,True,False,2770
Super Collection O Sri Balaji Luxury rooms,Gachibowli,3.6,17.0,1224,229,Not provided,True,False,1453
Hotel Grand ashirwad,Shivaji Nagar,2.7,133.0,1474,340,2.3 km drive to Hussain Sagar Lake,True,False,1814
Hotel Golden Leaves,Rai Durg,3.2,123.0,1720,397,Not provided,True,False,2117
Falcons Nest LA RIVIERA,Madhapur,2.8,279.0,1768,361,Not provided,True,False,2129
Hotel O JVP Hotels,Madhapur,3.4,30.0,1265,247,Not provided,True,False,1512
FabExpress Deccan Heritage,Koti,2.9,98.0,1583,436,Not provided,False,False,2019
HZ Inn,Khilwat,3.2,18.0,1214,248,4 minutes walk to Charminar,True,False,1462
HotelN,Madhapur,,,1591,325,Not provided,True,False,1916
FabHotel Broholic,Gachibowli,3.1,53.0,1312,361,Not provided,True,False,1673
Hotel Baba Crystal,Shivaji Nagar,3.2,62.0,819,189,2.5 km drive to Hussain Sagar Lake,True,False,1008
Super Hotel O PR Stay Inn,Kothaguda,3.4,8.0,1383,270,"10 minutes walk to Hyderabad International Convention Centre, Hyderabad",True,False,1653
Hotel Central Park,Basheer Bagh,3.3,155.0,8022,2156,2.1 km drive to Hussain Sagar Lake,True,False,10178
Hotel O R Square Bn Reddy,Hastinapuram,3.4,46.0,858,167,Not provided,True,False,1025
De Alphabet Hotel,Uppal,2.1,16.0,2021,473,Not provided,True,False,2494
Hotel Maya Deluxe,Rani Gunj,3.8,382.0,890,230,6 minutes walk to Hussain Sagar Lake,True,False,1120
FabHotel Air Live,Ameerpet,3.1,13.0,1809,498,10 minutes walk to Aditya Trade Center,True,False,2307
FabHotel Fortune Grand,Chinthal Basthi,3.3,24.0,1628,449,1.8 km drive to Hussain Sagar Lake,True,False,2077
HOTEL SHUBHAM CELEBRATIONS SHAPUR,Chinthal,3.4,81.0,3243,748,Not provided,True,False,3991
HOTEL IGLOOS(SURAAG HOTEL'S),Uppal,3.2,16.0,1639,378,Not provided,True,False,2017
Super Townhouse La Vista Inn Grand Hotel,Ramanthapur,2.9,24.0,1830,327,Not provided,True,False,2157
FabHotel Royal Residency II,Redhills,3.5,70.0,1628,449,2.8 km drive to Hussain Sagar Lake,False,False,2077
FabHotel Stay O Gachibowli,Gachibowli,,,1274,304,"1.6 km drive to US Consulate, Hyderabad",True,False,1578
AURUM ABODES,Manikonda,3.3,7.0,2078,525,Not provided,True,False,2603
FabHotel Frenotel,Hitec City,2.6,80.0,1492,411,Not provided,True,False,1903
FabHotel Prime Adhirath Grand Hitec CIty,Madhapur,,,2473,582,Not provided,True,False,3055
FabHotel Frenotel Hitech City,Kothaguda,3.6,13.0,1759,485,Not provided,True,False,2244
S K FIRST TRANSIT HOTEL,Shamshabad,3.7,18.0,929,214,8.7 km drive to Rajiv Gandhi International Airport,True,False,1143
Hotel O Heavens Inn,Yousufguda,3.3,7.0,1310,255,Not provided,True,False,1565
Flagship Hotel Lavish Stay,LB Nagar,3.2,32.0,878,174,Not provided,True,False,1052
Super Collection O Manikonda,Manikonda,3.6,63.0,1392,260,Not provided,True,False,1652
FabHotel Galaxy Suites,Kondapur,3.3,3.0,890,212,Not provided,True,False,1102
WINDSOR,Gunrock Enclave,3.5,40.0,2203,556,8.3 km from city centre,True,False,2759
Hotel Midtown,Yousufguda,3.1,93.0,910,210,Not provided,True,False,1120
HOTEL SVM GRAND Miyapur,Hafeezpet,3.0,17.0,3229,804,Not provided,True,False,4033
Hotel O Helloworld tech view,Nanakram Guda,3.0,18.0,1080,193,"2.6 km drive to US Consulate, Hyderabad",True,False,1273
Hotel Jaya International,Koti,2.9,122.0,2296,475,Not provided,True,False,2771
FabHotel Luxury Stays,Banjara Hills,3.1,9.0,1720,474,Not provided,True,False,2194
Hotel Log Inn,Punjagutta,3.2,184.0,1479,341,Not provided,True,False,1820
Hotel O Vaishnavi Classic,Ramgopalpet,4.0,3.0,1146,234,1.5 km drive to Hussain Sagar Lake,True,False,1380
Hotel O Sri Saiyee Dwaraka Hotel,Himayat Nagar,,,1239,253,Not provided,True,False,1492
Hotel Sri Simran Park,Shivaji Nagar,3.2,212.0,1475,340,2.6 km drive to Hussain Sagar Lake,True,False,1815
Hotel I K London Residency,Somajiguda,2.6,86.0,3005,614,2.0 km drive to Hussain Sagar Lake,True,False,3619
Flagship HOTEL R SQUARE,Moula Ali,3.4,18.0,998,195,18.8 km from city centre,True,False,1193
Hotel VVG GRAND,Madhapur,3.2,17.0,1229,284,Not provided,True,False,1513
Belsons Taj Mahal Hotel,Secunderabad,2.7,186.0,1976,462,2.0 km drive to Hussain Sagar Lake,True,False,2438
Hotel O Grand Broholic Luxury Rooms,Hafeezpet,4.2,4.0,893,167,Not provided,True,False,1060
Hotel O Hotel R Square,Dilsukh Nagar,3.4,38.0,1268,247,Not provided,True,False,1515
Hotel O Ragas,Hayathnagar,3.8,5.0,1088,203,Not provided,True,False,1291
Hotel O Priya Residency,Ramgopalpet,3.2,77.0,980,183,5 minutes walk to Hussain Sagar Lake,True,False,1163
FabHotel Hamsa The Right Choice,Manikonda,3.8,40.0,1359,374,Not provided,True,False,1733
VDR Residency,Pocharam,2.6,55.0,1260,308,24.0 km from city centre,True,False,1568
Super Collection O Cititel Mehdipatnam,Masab Tank,2.3,39.0,946,169,Not provided,True,False,1115
BRAMHA HOTEL,Shivaji Nagar,3.3,37.0,1939,453,2.6 km drive to Hussain Sagar Lake,True,False,2392
Super Hotel O Honey Heights Near Botanical Garden,Kondapur,3.7,38.0,1385,270,Not provided,True,False,1655
Collection O Vennela Residency,Miyapur,2.4,131.0,818,146,Not provided,True,False,964
Collection O Galaxy Suites,Kondapur,3.2,201.0,1032,185,Not provided,True,False,1217
Hotel VSR International,Shamshabad,2.6,17.0,1583,365,8.3 km drive to Rajiv Gandhi International Airport,True,False,1948
SPG GRAND,Jeedimetla,3.7,18.0,3600,880,16.7 km from city centre,True,False,4480
Hotel Saptagiri Abids,Abids,3.4,43.0,1345,310,2.7 km drive to Hussain Sagar Lake,True,False,1655
Hotel O Vaishnavi Grand,Borabanda,,,1258,235,Not provided,True,False,1493
HOTEL VIRAT Inn,Somajiguda,4.0,83.0,1740,500,2.2 km drive to Hussain Sagar Lake,True,False,2240
Hotel New Maruthi Residency inn,Chanakyapuri,3.0,10.0,1785,520,Not provided,True,False,2305
Hotel Saptagiri Deluxe,Abids,3.2,35.0,1588,366,2.7 km drive to Hussain Sagar Lake,True,False,1954
Hotel O RBS Square Inn Uppal,Uppal,,,1201,253,Not provided,True,False,1454
Vyb Hotels @ Bahadurpally,Suraram,3.7,14.0,1549,386,Not provided,True,False,1935
Hotel D&J Grande,Koti,3.3,45.0,3256,665,9 minutes walk to KIMS Hospital,True,False,3921
Hotel O Qualia Grand,Yousufguda,3.2,19.0,1147,224,Not provided,True,False,1371
KODALI GUEST SUITES,Karkhana,3.4,8.0,2571,532,9.6 km from city centre,True,False,3103
FabExpress Venkateswara Atidhi,Kothapet,3.6,15.0,972,268,Not provided,True,False,1240
Super Hotel O Green Tree Guest House,Kondapur,3.2,11.0,1233,240,Not provided,True,False,1473
Hotel My Choice,Abids,3.0,4.0,816,195,2.4 km drive to Salar Jung Museum,True,False,1011
Hotel O Siri Inn guest house,Gachibowli,2.5,10.0,1115,199,"8 minutes walk to AIG Gachibowli, Hyderabad",True,False,1314
Hotel O Stayo,Muthangi,4.2,17.0,1318,257,Not provided,True,False,1575
Fabhotel Prime Syn Grand,Chintalakunta,3.9,24.0,2932,808,Not provided,True,False,3740
HOTEL MANGO LEAVES,Chintalakunta,2.9,63.0,1623,377,Not provided,True,False,2000
Hotel Sitara Grand,Lakdikapul,2.8,20.0,1475,340,2.0 km drive to Hussain Sagar Lake,True,False,1815
Hotel G N International,Bhoiguda,,,1822,372,8.1 km from city centre,True,False,2194
Sasya Elite,Gachibowli,3.1,22.0,1022,245,Not provided,True,False,1267
Super Hotel O Qualia Inn Kondapur Near Botanical Garden,Kondapur,3.9,180.0,1226,239,Not provided,True,False,1465
FabHotel Limestone Aura,Somajiguda,3.2,88.0,2080,573,10 minutes walk to Hussain Sagar Lake,True,False,2653
Hotel O R Squre Inn,Dilsukh Nagar,3.3,35.0,1483,265,Not provided,True,False,1748
Super Collection O SS BLUE INN,Dilsukh Nagar,3.5,6.0,1059,207,Not provided,True,False,1266
Hotel New SreeKrishna Residency,Sanjeeva Reddy Nagar,3.4,93.0,2223,250,8 minutes walk to Aster Prime Hospital,True,False,2473
FabHotel Double Tree,Vanasthalipuram,2.6,12.0,1854,511,Not provided,True,False,2365
Hotel Mukesh residency,Shivaji Nagar,2.5,27.0,819,189,2.7 km drive to Hussain Sagar Lake,True,False,1008
Hotel O HYVIN Suites,Kukatpally,2.7,67.0,971,174,Not provided,True,False,1145
Capital O Halcyon Deccan Inn Near Shilparamam,Madhapur,3.3,379.0,1928,345,Not provided,True,False,2273
Super Hotel O Ss Delight,Moula Ali,3.9,37.0,1062,207,17.5 km from city centre,True,False,1269
OYO 824064 Lavish Tranquil,Hafeezpet,3.1,13.0,1082,194,2.9 km drive to Miyapur Metro Station,True,False,1276
Imperial Suites Inn,Gachibowli,3.3,57.0,2066,483,"9 minutes walk to AIG Gachibowli, Hyderabad",True,False,2549
Dwaraka Inn,Habsiguda,2.8,241.0,1469,386,Not provided,True,False,1855
Hotel O 14726 Hotel Vaishnavi Park,Shivaji Nagar,2.7,464.0,1073,192,1.9 km drive to Hussain Sagar Lake,True,False,1265
Super Collection O White Ridge Kamineni,LB Nagar,3.8,37.0,1189,232,Not provided,True,False,1421
Gold Horn Hotel,Mehdipatnam,,,1275,294,Not provided,True,False,1569
iRoomz Lake View Palace,Banjara Hills,2.3,3.0,1365,315,3.0 km drive to Hussain Sagar Lake,True,False,1680
Super Collection O PNR COMFORT KHAIRATABAD,Khairatabad,3.1,21.0,932,167,1.5 km drive to Hussain Sagar Lake,True,False,1099
sri sai krishna deluxe lodge,Shivaji Nagar,2.9,81.0,1016,234,2.6 km drive to Hussain Sagar Lake,True,False,1250
HOTEL SWAGATH GRAND JILLELAGUDA,Jillelguda,2.9,23.0,2272,511,Not provided,True,False,2783
Super Hotel O Hills Luxury Rooms,Kukatpally,,,1228,220,1.5 km drive to Miyapur Metro Station,True,False,1448
Super Collection O Jubilee Banjara Suites,Banjara Hills,2.9,251.0,1135,203,Not provided,True,False,1338
Collection O Stayo,Gachibowli,3.2,13.0,1103,197,"1.6 km drive to US Consulate, Hyderabad",True,False,1300
FabHotel Corner Courtyard,Kondapur,3.1,49.0,1087,299,Not provided,True,False,1386
Hotel O Vyb Hotels,Bachupally,3.0,10.0,1108,198,Not provided,True,False,1306
KDR ROOMS AND HOMES,Shamshabad,,,1954,484,8.4 km drive to Rajiv Gandhi International Airport,True,False,2438
Super Collection O Bhagyalakshmi Suites,Hafeezpet,,,1843,330,2.8 km drive to Miyapur Metro Station,True,False,2173
Hotel O N Grand Residency,Kukatpally,,,1182,211,2.8 km drive to Miyapur Metro Station,True,False,1393
Hotel Kinara Residency,Chandanagar,3.4,56.0,2694,630,Not provided,True,False,3324
HOTEL SRIRAMA INN,Chitrapuri Colony,2.9,39.0,1137,315,Not provided,True,False,1452
WAY INNS,Gachibowli,3.0,53.0,1590,325,Not provided,True,False,1915
HOTEL VIRAT GRAND,LB Nagar,3.9,16.0,2066,428,Not provided,True,False,2494
HOTEL ROYAL INN,Yousufguda,3.1,27.0,1184,273,Not provided,True,False,1457
Hotel Shubham Celebrations Nallagandla,Serilingampally,4.1,54.0,3348,684,Not provided,True,False,4032
Hotel Sri Krishna,Lakdikapul,2.4,26.0,1229,284,2.4 km drive to Hussain Sagar Lake,True,False,1513
Hotel Pride Banjara,Banjara Hills,2.3,18.0,1457,336,Not provided,True,False,1793
Hotel Sagun,Sai Baba Nagar,2.3,3.0,3600,880,Not provided,True,False,4480
Club View Hotel,Karkhana,4.0,54.0,2468,612,9.0 km from city centre,True,False,3080
"Itsy Hotels Infinity, Hitech City",Kothaguda,3.3,75.0,1511,348,Not provided,True,False,1859
HOTEL CLIFTON,Masab Tank,2.6,26.0,1229,284,Not provided,True,False,1513
Hotel Zee Residency,Shivaji Nagar,2.4,23.0,799,199,2.7 km drive to Hussain Sagar Lake,True,False,998
Super Collection O Madhapur Near Cyber Tower,Borabanda,3.3,16.0,1575,294,Not provided,True,False,1869
Treebo Emerald,Hitec City,3.4,53.0,2663,628,Not provided,True,False,3291
Collection O Balaji Nagar Kukatpalli,Borabanda,,,950,200,Not provided,True,False,1150
Hotel O Kalyan,Madhapur,2.0,6.0,1151,206,Not provided,True,False,1357
Palette - Sunrise A Boutique Hotel,Kondapur,1.7,3.0,2004,359,Not provided,True,False,2363
Mevid Hotels,Balapur,3.4,21.0,3181,650,Not provided,True,False,3831
Hotel O Hillside Hotel Kukatpally,Kukatpally,3.3,83.0,3790,753,Not provided,True,False,4543
The Metro International Hotel,Ghansi Bazaar,,,1238,275,6 minutes walk to Salar Jung Museum,True,False,1513
Hotel Ankitha Residency,Ramgopalpet,,,1180,272,8 minutes walk to Hussain Sagar Lake,True,False,1452
Hotel O SRI SAI BALAJI GRAND LODGE INN,Mansoorabad,,,1156,207,Not provided,True,False,1363
Hotel O Qualia Hotel Dilsukhnagar Near Dilsukhnagar Metro Station,Dilsukh Nagar,3.2,55.0,1226,239,Not provided,True,False,1465
Hotel O R Square Near LB Nagar Metro Station,LB Nagar,3.0,50.0,812,145,Not provided,True,False,957
Unnam Hotels Hyderabad,Gachibowli,,,2826,627,Not provided,True,False,3453
Collection O MY PLACE HITEX INN,Kondapur,2.9,28.0,1034,185,Not provided,True,False,1219
Hotel Famous Grand,Nampally,2.0,10.0,1138,263,6 minutes walk to Nampally Railway Station,True,False,1401
Hotel Kalpana Grand,Nampally,2.8,6.0,1229,284,3.0 km drive to Hussain Sagar Lake,True,False,1513
Hotel Asian International,Near Nampally Train Station,2.9,47.0,1614,402,2.4 km drive to Hussain Sagar Lake,True,False,2016
HOTEL ABINAND GRAND KPHB,Moosapet,2.8,17.0,3003,693,Not provided,True,False,3696
BudgetStar Lodge,Humayun Nagar,2.3,16.0,900,220,Not provided,True,False,1120
Hiltan Residency,Shivaji Nagar,3.0,4.0,4499,1100,2.7 km drive to Hussain Sagar Lake,False,False,5599
Hotel O RB @ KOMPALLY,Quthbullapur,2.7,6.0,1002,179,Not provided,True,False,1181
Hotel Royal Residency Secunderabad,Shivaji Nagar,2.0,16.0,911,210,2.7 km drive to Hussain Sagar Lake,True,False,1121
Hotel O Rsquare Elite,LB Nagar,3.6,23.0,1274,228,Not provided,True,False,1502
Hotel O Hill,Hakimpet,3.7,17.0,1548,289,Not provided,True,False,1837
Hotel Royal Palm,Gachibowli,2.4,8.0,2111,494,Not provided,True,False,2605
FabHotel SRS Grand,Gandi Maisamma,,,2066,464,Not provided,True,False,2530
FabHotel RS,Hitec City,,,1378,329,Not provided,True,False,1707
Townhouse SR LUXURY ROOMS,Sanjeeva Reddy Nagar,,,1704,348,Not provided,True,False,2052
Hotel Travellers Inn Hyderabad,Somajiguda,3.0,6.0,859,206,2.2 km drive to Hussain Sagar Lake,True,False,1065
SRI VENGAMAMBA HOTELS,Koti,3.7,6.0,2812,649,2.6 km drive to Salar Jung Museum,True,False,3461
Taramati Hotel,Ibrahim Bagh,2.7,69.0,2913,672,Not provided,True,False,3585
Hotel Sri Maurya,Khairatabad,2.7,39.0,910,210,1.3 km drive to Hussain Sagar Lake,True,False,1120
Hotel O Venkata Sai Sadan Mathrusree Nagar,Hafeezpet,3.0,143.0,1667,298,8 minutes walk to Miyapur Metro Station,True,False,1965
Townhouse Lavish Oak,Ramachandra Puram,2.9,17.0,817,146,Not provided,True,False,963
Hotel O Night Eye Nanakramguda,Gachibowli,3.2,21.0,1005,180,"1.6 km drive to US Consulate, Hyderabad",True,False,1185
FabHotel Q Suites,Borabanda,,,1759,485,Not provided,True,False,2244
Hotel O LAVISH PALMS,Kothaguda,,,1437,257,Not provided,True,False,1694
Hotel O Kompally Residency,Kompally,2.8,39.0,1592,285,Not provided,True,False,1877
Hotel SKS Balaji Luxury Rooms,Basheer Bagh,,,1437,378,1.5 km drive to Hussain Sagar Lake,True,False,1815
FabHotel L Grand,Shivaji Nagar,2.8,29.0,1087,282,2.2 km drive to Hussain Sagar Lake,True,False,1369
Hotel O 11 Eleven,Narapally,,,1085,194,Not provided,True,False,1279
SESHA GRAND,Kukatpally Housing Board Colony,,,2296,475,Not provided,True,False,2771
iRoomz Hotel Silver Moon,Madhapur,,,1460,337,Not provided,True,False,1797
HOTEL MOWRYA GRAND INN,Kukatpally Housing Board Colony,2.3,18.0,3600,880,Not provided,True,False,4480
Hotel O S P R Luxury Rooms,Hastinapuram,3.3,3.0,1447,270,Not provided,True,False,1717
Hotel 21 Avenue,Banjara Hills,2.3,21.0,1548,357,Not provided,True,False,1905
Hotel O RAMOJI BESIDE OMNI HOSPITAL KOTHAPET,Kothapet,3.1,69.0,1094,196,Not provided,True,False,1290
Durga Residency,Chilakalguda,,,1860,380,8.3 km from city centre,True,False,2240
SPOT ON Hotel Aaraadhya Residency,Balanagar,,,875,157,Not provided,True,False,1032
FabExpress RS Living,Hitec City,2.5,6.0,1358,374,Not provided,True,False,1732
BOBBY LODGE,Secunderabad,,,900,220,1.9 km drive to Hussain Sagar Lake,True,False,1120
Hotel White Key,Toli Chowki,2.7,12.0,2645,547,Not provided,True,False,3192
Hotel O 74966 Shree Amardeep Hotel,Ramgopalpet,3.0,8.0,892,159,7 minutes walk to Hussain Sagar Lake,True,False,1051
FabHotel Lavish Palms,Kothaguda,2.9,11.0,1492,411,Not provided,True,False,1903
Hotel O Bharat Lodge,Balanagar,2.8,11.0,719,128,Not provided,True,False,847
Hotel O Sai Pariwar Near Snow World,Kachiguda,2.5,50.0,1155,207,Not provided,True,False,1362
Tourist Krishna Inn,Kachiguda,,,3640,840,Not provided,True,False,4480
FabHotel De Alphabet II,Yella Reddy Guda,,,2066,464,Not provided,True,False,2530
New Skyhy Hotel,Himayat Nagar,,,1820,420,2.2 km drive to Hussain Sagar Lake,True,False,2240
iRoomz Hotel Avasya Residency,Kukatpally,,,1860,380,1.8 km drive to Miyapur Metro Station,True,False,2240
The City Park Hotel,Abids,2.0,5.0,2304,539,2.3 km drive to Hussain Sagar Lake,True,False,2843
SPOT ON New Balaji Residency,Punjagutta,2.3,18.0,815,146,2.8 km drive to Hussain Sagar Lake,True,False,961
Hotel Siddhi Vinayak,Kachiguda,1.7,3.0,2204,456,Not provided,True,False,2660
Hotel Raj International,Nampally,2.8,81.0,1147,265,10 minutes walk to Nampally Railway Station,True,False,1412
FabHotel VK Luxury Room's,Jeedimetla,,,1653,367,Not provided,True,False,2020
Sai Manikanta Palace,Punjagutta,1.8,5.0,1620,396,Not provided,True,False,2016
Hotel O Sree Radha Lodge Near Snow World,Shivaji Nagar,2.9,45.0,744,145,2.3 km drive to Hussain Sagar Lake,True,False,889
Hotel Asian Park,Redhills,,,2754,570,Not provided,True,False,3324
Hotel O Kanak International,Koti,3.1,43.0,982,176,Not provided,True,False,1158
Archana Homes,Somajiguda,2.0,6.0,5399,1320,2.2 km drive to Hussain Sagar Lake,True,False,6719
FabHotel Broholic Prime Suites,Kukatpally Housing Board Colony,,,1272,304,2.6 km drive to Miyapur Metro Station,True,False,1576
FabHotel W Grand Suites,Puppalaguda,2.9,13.0,1537,423,Not provided,True,False,1960
The Majestic Hotel,Near Nampally Train Station,2.3,7.0,1821,420,2.4 km drive to Hussain Sagar Lake,True,False,2241
Dhruv Elite and Banquets,Amberpet,3.3,21.0,2245,525,Not provided,True,False,2770
FabHotel Prime Millennium Grand,Miyapur,,,2294,516,Not provided,True,False,2810
White Carnations Hotel,Gowlidody,2.0,10.0,1730,399,"990 m drive to US Consulate, Hyderabad",True,False,2129
Hotel O Sriman Stay Inn,Uppal,3.0,11.0,706,126,Not provided,True,False,832
Hotel O Shirdi Blissful Residency,Himayat Nagar,2.5,4.0,838,150,2.6 km drive to Hussain Sagar Lake,True,False,988
Kamakshi Hotels,Kailash Hills,,,1297,299,Not provided,True,False,1596
Swan Premium,Shamshabad,2.2,6.0,7114,1912,8.5 km drive to Rajiv Gandhi International Airport,True,False,9026
Hotel Akshaya Express,Redhills,,,2203,456,Not provided,True,False,2659
FabHotel Perams Grand Inn,Hitec City,2.5,6.0,1537,424,Not provided,True,False,1961
iROOMZ Hotel Galaxy Grand,Madhapur,,,1249,255,Not provided,True,False,1504
FabHotel De Alphabet,Kukatpally Housing Board Colony,2.7,3.0,1990,481,Not provided,True,False,2471
Hotel O Millind Residency,Shivaji Nagar,2.7,6.0,945,169,2.7 km drive to Hussain Sagar Lake,True,False,1114
Hotel O Flagship Hotel Lavish Stay,Santosh Nagar,2.0,4.0,808,145,Not provided,True,False,953
Hotel Classic Inn,Punjagutta,,,2754,570,Not provided,True,False,3324
FabHotel Prime Ravila Grand,Miyapur,2.8,8.0,2688,741,Not provided,True,False,3429
Townhouse QUALIA ELITE S R NAGAR,Balkampet,,,1925,360,Not provided,True,False,2285
Hotel My Place,Sanjeeva Reddy Nagar,3.0,12.0,2244,525,Not provided,True,False,2769
Hotel Pankaj Palace,Isnapur,3.7,52.0,1821,420,Not provided,True,False,2241
Hotel Prem Residency,Shivaji Nagar,,,900,220,2.7 km drive to Hussain Sagar Lake,True,False,1120
Hotel O SV Grand,Alwal,2.8,19.0,1226,219,15.0 km from city centre,True,False,1445
Hotel O RBS Residency,Mallapur,2.5,20.0,1219,218,16.0 km from city centre,True,False,1437
S S Residency,Kukatpally Housing Board Colony,2.9,12.0,1457,336,2.9 km drive to Miyapur Metro Station,True,False,1793
FabHotel SVR Grand,Kukatpally,,,1273,304,Not provided,True,False,1577
Hotel Everest,Shivaji Nagar,2.9,14.0,1023,209,2.5 km drive to Hussain Sagar Lake,False,False,1232
Hotel O R K SERENITY LUXURY ROOMS,Kothaguda,2.5,14.0,881,158,Not provided,True,False,1039
Hotel O BHANU GUEST HOUSE,Gachibowli,1.0,3.0,1257,225,Not provided,True,False,1482
Siri Inn Dormitory,Hitec City,2.7,63.0,1332,295,Not provided,True,False,1627
Hotel O ZEE ROOMS,Madhapur,1.8,5.0,1100,197,Not provided,True,False,1297
Hotel Wild Wings Gachibowli,Gachibowli,,,1860,380,Not provided,True,False,2240
Balaji inn,Kukatpally Housing Board Colony,3.0,4.0,1639,378,Not provided,True,False,2017
KKS KUNDHANA GRAND,Madhapur,2.5,4.0,3150,378,Not provided,True,False,3528
iRoomz Hotel Fusion Inn Suites,Serilingampally,,,2252,466,Not provided,True,False,2718
MK SUITES,Chandanagar,3.7,6.0,1534,313,Not provided,False,False,1847
Hotel O Sri Sai Regency,Himayat Nagar,2.7,6.0,1257,225,2.8 km drive to Hussain Sagar Lake,True,False,1482
Hotel S S Pride Inn,Kothaguda,,,1211,302,Not provided,True,False,1513
Hotel Sai Vinayaka,Punjagutta,2.1,11.0,1278,312,Not provided,True,False,1590
Hotel O Shri Ganesh Residency,Himayat Nagar,2.7,15.0,1062,190,Not provided,True,False,1252
Hotel O New Hotel Aroma Classic,Nampally,2.4,8.0,1032,185,6 minutes walk to Nampally Railway Station,True,False,1217
Qube Inn,Gachibowli,2.6,24.0,1730,399,Not provided,True,False,2129
Chandra Hotel,Nacharam Mallapur Road,2.7,37.0,2401,561,14.1 km from city centre,True,False,2962
Hotel O Banyan Tree,Kukatpally,2.7,51.0,1218,218,9 minutes walk to Harsha Hospital,True,False,1436
Hotel O Green Banjara Stay,Banjara Hills,,,1255,264,Not provided,True,False,1519
OYO Flagship Malani Inn,Champapet,,,1377,246,Not provided,True,False,1623
Hotel Way Inn Familiar,Hafeezpet,,,900,220,Not provided,True,False,1120
Hotel S S Suites,Madhapur,1.9,14.0,1366,315,Not provided,True,False,1681
Townhouse The Grand Plaza,Abids,2.1,15.0,1118,200,2.5 km drive to Hussain Sagar Lake,True,False,1318
Collection O Rio Hitech City,Kothaguda,,,1258,265,"3 minutes walk to Hyderabad International Convention Centre, Hyderabad",True,False,1523
Hotel O Boduppal Uppal Ghatkesar,Peerzadiguda,,,1037,219,Not provided,True,False,1256
Hotel Joy International,Mehdipatnam,2.0,7.0,1465,299,7 minutes walk to Olive Hospitals,True,False,1764
iROOMZ Hotel Shree Jagannath,Madhapur,2.3,3.0,1029,210,Not provided,True,False,1239
Hotel Ankitha Stay Inn,Gachibowli,2.2,5.0,2245,525,Not provided,True,False,2770
Hotel O Big Daddy Suites,Kukatpally,2.6,11.0,1689,302,Not provided,True,False,1991
Hotel O Stayo Inn,Muthangi,,,1361,243,Not provided,True,False,1604
Hotel Rooftop Luxury Rooms,Jubilee Hills,1.2,4.0,1147,265,Not provided,True,False,1412
Sri Supraja Residency,Chandanagar,2.5,8.0,1366,315,Not provided,True,False,1681
ACCOMMODATERS,Hitec City,1.8,6.0,1861,380,Not provided,True,False,2241
Hotel Srinivasa Residency,Rasoolpura,1.9,9.0,1229,284,2.5 km drive to Hussain Sagar Lake,True,False,1513
Hotel City Royal extension,Shivaji Nagar,2.8,19.0,2811,648,2.5 km drive to Hussain Sagar Lake,True,False,3459
Eastin De Royal,Madhapur,,,4651,950,Not provided,True,False,5601
Hotel O HRR Hotels Near Paradise circle,Ramgopalpet,2.3,14.0,762,136,1.7 km drive to Hussain Sagar Lake,True,False,898
Hotel Stay Holiday INN,Banjara Hills,1.0,4.0,1184,273,Not provided,True,False,1457
HOTEL O NEXOS UNIQUE SUITES,Kukatpally Housing Board Colony,,,1307,275,Not provided,True,False,1582
HOTEL SAI TRISHUL GRAND RESTAURANT & BAR,Isnapur,2.0,11.0,2515,588,Not provided,True,False,3103
Hotel O Diamond Park,Madhapur,1.8,30.0,3915,701,Not provided,True,False,4616
iROOMZ Hotel Diamond Park,Madhapur,1.7,17.0,1373,329,Not provided,True,False,1702
Hotel O STAY IN HOTELS AND RESORTS,Serilingampally,2.3,6.0,1130,202,Not provided,True,False,1332
Hotel O Srinivasa Grand,Abids,1.7,3.0,974,174,2.9 km drive to Salar Jung Museum,True,False,1148
SPOT ON Hotel Akshaya Residency Near Bbr Super Speciality Hospital,Balanagar,2.4,21.0,814,145,Not provided,True,False,959
Hotel Meredian Residency,Shivaji Nagar,2.2,38.0,4550,1050,1.9 km drive to Hussain Sagar Lake,True,False,5600
Hotel Altima Suites,Madhapur,1.3,12.0,4323,998,Not provided,True,False,5321
Hotel O HAPPY HOMES @ TARNAKA,Secunderabad,2.0,4.0,1163,208,"810 m drive to Carriage Workshop, Lallaguda (South Central Railway)",True,False,1371
Hotel Nav Bharath Residency,Chilakalguda,,,1294,287,8.3 km from city centre,True,False,1581
K S suites,Ramgopalpet,,,837,210,1.8 km drive to Hussain Sagar Lake,True,False,1047
Hotel O Jagannath Near Shilparamam,Madhapur,1.4,5.0,1526,273,Not provided,True,False,1799
SPOT ON SUN LODGE AND BANQUET HALL,Zamistanpur,,,625,112,Not provided,True,False,737
HOTEL S S SUITES KPHB,Kukatpally Housing Board Colony,,,3717,879,Not provided,True,False,4596
Super Collection O SIRI GRAND INN,Khaja Guda,2.5,10.0,1052,188,Not provided,True,False,1240
Lotus Grand,Saroornagar,,,1368,304,Not provided,True,False,1672
Hotel Galaxy Green Iris,Kondapur,1.0,3.0,1089,273,Not provided,True,False,1362
Hotel JL Residency,Shivaji Nagar,,,1283,285,2.3 km drive to Hussain Sagar Lake,True,False,1568
Hotel O Castle Inn Kondapur,Kondapur,,,789,141,Not provided,True,False,930
Hotel Sri Tulasi Residency,Abids,,,1172,294,2.9 km drive to Salar Jung Museum,True,False,1466
Hotel O Beautiful Stay Homes,Kukatpally Housing Board Colony,,,1412,253,1.9 km drive to Miyapur Metro Station,True,False,1665
Townhouse AARIAN TEJ NILAYAM,Kokapet,,,1007,212,Not provided,False,False,1219
Super Hotel O SRI NIRVANA PRIDE,Bongloor,4.4,22.0,1309,245,19.0 km from Hyderabad,True,False,1554
Bablu Yadav Hotel,Sreenagar,2.8,4.0,1674,409,20.8 km from Hyderabad,True,False,2083
